Nº of code runs;Top 5;Variable;Importance;Classification_type;Supervised_Learning_model
1;1;5.29_337.13;2,41392859;Rootstock_type;Lasso
;2;4.29_206.07;1,6792505;Rootstock_type;Lasso
;3;5.52_447.23;1,22705429;Rootstock_type;Lasso
;4;5.93_357.13;1,20187516;Rootstock_type;Lasso
;5;2.44_120.08;0,79510081;Rootstock_type;Lasso
2;1;5.29_337.13;1,35037331;Rootstock_type;Lasso
;2;4.29_206.07;1,1176822;Rootstock_type;Lasso
;3;5.52_447.23;0,68942593;Rootstock_type;Lasso
;4;5.93_357.13;0,4351244;Rootstock_type;Lasso
;5;3.15_429.17;0,39387502;Rootstock_type;Lasso
3;1;5.29_337.13;1,020185161;Rootstock_type;Lasso
;2;4.29_206.07;0,939514065;Rootstock_type;Lasso
;3;5.52_447.23;0,880888495;Rootstock_type;Lasso
;4;5.93_357.13;0,515168447;Rootstock_type;Lasso
;5;3.76_135.12;0,331138279;Rootstock_type;Lasso
4;1;5.29_337.13;1,722664495;Rootstock_type;Lasso
;2;4.29_206.07;1,342001817;Rootstock_type;Lasso
;3;5.93_357.13;0,639014026;Rootstock_type;Lasso
;4;2.44_120.08;0,35641674;Rootstock_type;Lasso
;5;3.07_711.22;0,218841579;Rootstock_type;Lasso
5;1;5.29_337.13;1,90024502;Rootstock_type;Lasso
;2;4.29_206.07;1,60435525;Rootstock_type;Lasso
;3;5.52_447.23;1,55171104;Rootstock_type;Lasso
;4;5.93_357.13;0,92137924;Rootstock_type;Lasso
;5;4.86_449.11;0,62284734;Rootstock_type;Lasso
6;1;4.29_206.07;1,20264697;Rootstock_type;Lasso
;2;5.52_447.23;1,11627329;Rootstock_type;Lasso
;3;5.29_337.13;1,06192248;Rootstock_type;Lasso
;4;3.15_429.17;0,55122538;Rootstock_type;Lasso
;5;5.61_323.11;0,46399271;Rootstock_type;Lasso
7;1;5.29_337.13;1,400824263;Rootstock_type;Lasso
;2;4.29_206.07;1,082545184;Rootstock_type;Lasso
;3;5.93_357.13;0,660100552;Rootstock_type;Lasso
;4;5.52_447.23;0,477496201;Rootstock_type;Lasso
;5;3.76_135.12;0,40959008;Rootstock_type;Lasso
8;1;5.29_337.13;1,2117547;Rootstock_type;Lasso
;2;4.29_206.07;0,89344444;Rootstock_type;Lasso
;3;5.52_447.23;0,823239;Rootstock_type;Lasso
;4;5.93_357.13;0,62378582;Rootstock_type;Lasso
;5;5.44_497.18;0,33826755;Rootstock_type;Lasso
9;1;5.29_337.13;2,19174428;Rootstock_type;Lasso
;2;4.29_206.07;1,50253339;Rootstock_type;Lasso
;3;3.76_135.12;1,02160764;Rootstock_type;Lasso
;4;5.61_323.11;0,7343017;Rootstock_type;Lasso
;5;5.52_447.23;0,62910941;Rootstock_type;Lasso
10;1;5.29_337.13;1,37589822;Rootstock_type;Lasso
;2;4.29_206.07;1,11731851;Rootstock_type;Lasso
;3;5.52_447.23;0,52220769;Rootstock_type;Lasso
;4;5.96_337.11;0,38811754;Rootstock_type;Lasso
;5;5.93_357.13;0,326828;Rootstock_type;Lasso
1;1;2.18_281.10;2,396023090;Homo_vs_Absent;Lasso
;2;2.60_345.12;2,158590930;Homo_vs_Absent;Lasso
;3;1.85_210.04;1,492304030;Homo_vs_Absent;Lasso
;4;3.73_464.18;1,308547420;Homo_vs_Absent;Lasso
;5;4.26_263.13;1,153022280;Homo_vs_Absent;Lasso
2;1;2.18_281.10;1,908217660;Homo_vs_Absent;Lasso
;2;3.27_137.02;0,872138330;Homo_vs_Absent;Lasso
;3;5.12_301.07;0,710853670;Homo_vs_Absent;Lasso
;4;9.13_319.23;0,554409030;Homo_vs_Absent;Lasso
;5;1.85_210.04;0,551405420;Homo_vs_Absent;Lasso
3;1;3.73_464.18;1,770517800;Homo_vs_Absent;Lasso
;2;2.60_345.12;1,480797100;Homo_vs_Absent;Lasso
;3;4.26_263.13;1,387317400;Homo_vs_Absent;Lasso
;4;1.85_210.04;1,376853500;Homo_vs_Absent;Lasso
;5;2.18_281.10;1,211470200;Homo_vs_Absent;Lasso
4;1;4.26_263.13;1,807580150;Homo_vs_Absent;Lasso
;2;2.18_281.10;1,756918010;Homo_vs_Absent;Lasso
;3;1.85_210.04;1,707930660;Homo_vs_Absent;Lasso
;4;2.60_345.12;1,317396630;Homo_vs_Absent;Lasso
;5;8.48_663.46;0,710223550;Homo_vs_Absent;Lasso
5;1;2.18_281.10;2,915799990;Homo_vs_Absent;Lasso
;2;3.27_137.02;1,487719759;Homo_vs_Absent;Lasso
;3;10.79_742.47;1,241134414;Homo_vs_Absent;Lasso
;4;1.85_210.04;1,099267711;Homo_vs_Absent;Lasso
;5;2.54_125.06;0,869213344;Homo_vs_Absent;Lasso
6;1;4.29_441.18;1,695333830;Homo_vs_Absent;Lasso
;2;1.85_210.04;1,504963670;Homo_vs_Absent;Lasso
;3;2.60_345.12;1,207868980;Homo_vs_Absent;Lasso
;4;2.21_135.05;0,997200280;Homo_vs_Absent;Lasso
;5;5.31_331.16;0,958925050;Homo_vs_Absent;Lasso
7;1;2.18_281.10;1,481298300;Homo_vs_Absent;Lasso
;2;1.85_210.04;1,349235400;Homo_vs_Absent;Lasso
;3;4.26_263.13;1,169953300;Homo_vs_Absent;Lasso
;4;3.74_373.19;0,889058400;Homo_vs_Absent;Lasso
;5;3.25_139.04;0,830170800;Homo_vs_Absent;Lasso
8;1;1.85_210.04;1,258987620;Homo_vs_Absent;Lasso
;2;3.74_373.19;0,778500180;Homo_vs_Absent;Lasso
;3;2.18_281.10;0,729072490;Homo_vs_Absent;Lasso
;4;2.56_329.09;0,725535650;Homo_vs_Absent;Lasso
;5;3.73_464.18;0,721560710;Homo_vs_Absent;Lasso
9;1;3.73_464.18;2,138862310;Homo_vs_Absent;Lasso
;2;1.85_210.04;1,437123650;Homo_vs_Absent;Lasso
;3;3.54_357.15;1,434748500;Homo_vs_Absent;Lasso
;4;5.12_301.07;1,323725290;Homo_vs_Absent;Lasso
;5;2.18_281.10;1,026984960;Homo_vs_Absent;Lasso
10;1;2.18_281.10;2,233166610;Homo_vs_Absent;Lasso
;2;1.85_210.04;1,835302430;Homo_vs_Absent;Lasso
;3;4.26_263.13;1,504238420;Homo_vs_Absent;Lasso
;4;5.31_331.16;1,114875540;Homo_vs_Absent;Lasso
;5;3.74_373.19;1,082845680;Homo_vs_Absent;Lasso
1;1;2.18_281.10;1,05467608;Homo_vs_Galicia;Lasso
;2;3.25_285.10;0,72263122;Homo_vs_Galicia;Lasso
;3;9.80_520.34;0,5888381;Homo_vs_Galicia;Lasso
;4;0.82_175.12;0,461282070;Homo_vs_Galicia;Lasso
;5;9.14_287.24;0,361614080;Homo_vs_Galicia;Lasso
2;1;2.18_281.10;1,039291916;Homo_vs_Galicia;Lasso
;2;4.10_191.02;1,015362255;Homo_vs_Galicia;Lasso
;3;9.70_285.22;0,930065732;Homo_vs_Galicia;Lasso
;4;1.17_130.10;0,835299519;Homo_vs_Galicia;Lasso
;5;10.22_279.23;0,783116734;Homo_vs_Galicia;Lasso
3;1;1.17_130.10;2,984031382;Homo_vs_Galicia;Lasso
;2;9.70_285.22;2,191108542;Homo_vs_Galicia;Lasso
;3;2.99_289.07;1,600952192;Homo_vs_Galicia;Lasso
;4;5.35_466.27;1,430661032;Homo_vs_Galicia;Lasso
;5;5.84_251.17;1,415276581;Homo_vs_Galicia;Lasso
4;1;2.18_281.10;1,407817800;Homo_vs_Galicia;Lasso
;2;9.80_520.34;1,089502010;Homo_vs_Galicia;Lasso
;3;3.34_191.03;1,015264800;Homo_vs_Galicia;Lasso
;4;3.07_711.22;0,850280330;Homo_vs_Galicia;Lasso
;5;2.04_149.06;0,828585860;Homo_vs_Galicia;Lasso
5;1;10.95_437.27;0,861243257;Homo_vs_Galicia;Lasso
;2;0.82_175.12;0,699107371;Homo_vs_Galicia;Lasso
;3;3.35_344.14;0,638442373;Homo_vs_Galicia;Lasso
;4;3.25_285.10;0,483033607;Homo_vs_Galicia;Lasso
;5;9.80_520.34;0,457519230;Homo_vs_Galicia;Lasso
6;1;1.17_130.10;1,895585378;Homo_vs_Galicia;Lasso
;2;2.18_281.10;1,823692669;Homo_vs_Galicia;Lasso
;3;2.04_149.06;1,279326156;Homo_vs_Galicia;Lasso
;4;3.35_344.14;1,124995651;Homo_vs_Galicia;Lasso
;5;1.99_268.10;1,017866222;Homo_vs_Galicia;Lasso
7;1;2.99_289.07;1,921658150;Homo_vs_Galicia;Lasso
;2;2.18_281.10;1,717281910;Homo_vs_Galicia;Lasso
;3;9.14_287.24;1,515326440;Homo_vs_Galicia;Lasso
;4;4.85_133.10;1,455343090;Homo_vs_Galicia;Lasso
;5;4.10_191.02;1,437723430;Homo_vs_Galicia;Lasso
8;1;2.18_281.10;1,153362470;Homo_vs_Galicia;Lasso
;2;9.14_287.24;1,012642339;Homo_vs_Galicia;Lasso
;3;3.25_285.10;0,882824208;Homo_vs_Galicia;Lasso
;4;2.04_121.07;0,761141554;Homo_vs_Galicia;Lasso
;5;5.84_251.17;0,661630506;Homo_vs_Galicia;Lasso
9;1;2.18_281.10;1,496216000;Homo_vs_Galicia;Lasso
;2;3.25_285.10;1,430864000;Homo_vs_Galicia;Lasso
;3;3.34_191.03;1,352728000;Homo_vs_Galicia;Lasso
;4;4.10_191.02;0,714523800;Homo_vs_Galicia;Lasso
;5;3.35_344.14;0,680301800;Homo_vs_Galicia;Lasso
10;1;9.80_520.34;0,882809775;Homo_vs_Galicia;Lasso
;2;3.35_344.14;0,765723062;Homo_vs_Galicia;Lasso
;3;3.25_285.10;0,474481948;Homo_vs_Galicia;Lasso
;4;2.18_281.10;0,406860856;Homo_vs_Galicia;Lasso
;5;2.21_265.09;0,352484378;Homo_vs_Galicia;Lasso
1;1;4.86_449.11;1,178247430;Rootstock_Graft;Lasso
;2;7.53_277.22;0,893402900;Rootstock_Graft;Lasso
;3;2.56_167.04;0,689748360;Rootstock_Graft;Lasso
;4;4.20_307.12;0,443085640;Rootstock_Graft;Lasso
;5;11.04_263.24;0,403661550;Rootstock_Graft;Lasso
2;1;7.53_277.22;0,790890790;Rootstock_Graft;Lasso
;2;4.86_449.11;0,576221020;Rootstock_Graft;Lasso
;3;4.67_135.04;0,538567320;Rootstock_Graft;Lasso
;4;4.20_307.12;0,286747790;Rootstock_Graft;Lasso
;5;5.12_301.07;0,174663440;Rootstock_Graft;Lasso
3;1;4.86_449.11;1,520617400;Rootstock_Graft;Lasso
;2;7.53_277.22;1,050999500;Rootstock_Graft;Lasso
;3;2.56_167.04;0,900490100;Rootstock_Graft;Lasso
;4;4.20_307.12;0,669128200;Rootstock_Graft;Lasso
;5;1.85_210.04;0,555632400;Rootstock_Graft;Lasso
4;1;2.56_167.04;0,908160030;Rootstock_Graft;Lasso
;2;4.86_449.11;0,793045490;Rootstock_Graft;Lasso
;3;7.53_277.22;0,580165960;Rootstock_Graft;Lasso
;4;4.20_307.12;0,406687760;Rootstock_Graft;Lasso
;5;5.38_137.02;0,189248210;Rootstock_Graft;Lasso
5;1;7.53_277.22;0,713375014;Rootstock_Graft;Lasso
;2;4.86_449.11;0,681377623;Rootstock_Graft;Lasso
;3;2.58_499.15;0,624902287;Rootstock_Graft;Lasso
;4;3.79_575.23;0,499551221;Rootstock_Graft;Lasso
;5;1.85_210.04;0,403837482;Rootstock_Graft;Lasso
6;1;7.53_277.22;0,599177750;Rootstock_Graft;Lasso
;2;4.67_135.04;0,542866850;Rootstock_Graft;Lasso
;3;4.20_307.12;0,365427480;Rootstock_Graft;Lasso
;4;4.86_449.11;0,330974340;Rootstock_Graft;Lasso
;5;3.34_137.02;0,202625090;Rootstock_Graft;Lasso
7;1;4.86_449.11;1,026633240;Rootstock_Graft;Lasso
;2;2.56_167.04;0,742996590;Rootstock_Graft;Lasso
;3;2.85_333.10;0,353644650;Rootstock_Graft;Lasso
;4;7.53_277.22;0,240674140;Rootstock_Graft;Lasso
;5;1.85_210.04;0,122222530;Rootstock_Graft;Lasso
8;1;7.53_277.22;0,585105000;Rootstock_Graft;Lasso
;2;4.67_135.04;0,509262900;Rootstock_Graft;Lasso
;3;4.86_449.11;0,474470000;Rootstock_Graft;Lasso
;4;4.20_307.12;0,413190600;Rootstock_Graft;Lasso
;5;2.56_167.04;0,191739100;Rootstock_Graft;Lasso
9;1;4.86_449.11;0,603475860;Rootstock_Graft;Lasso
;2;7.53_277.22;0,583996630;Rootstock_Graft;Lasso
;3;4.67_135.04;0,506703700;Rootstock_Graft;Lasso
;4;4.20_307.12;0,385452560;Rootstock_Graft;Lasso
;5;2.56_167.04;0,332402240;Rootstock_Graft;Lasso
10;1;2.56_167.04;0,644529380;Rootstock_Graft;Lasso
;2;4.86_449.11;0,629927700;Rootstock_Graft;Lasso
;3;7.53_277.22;0,588946340;Rootstock_Graft;Lasso
;4;3.79_575.23;0,413393570;Rootstock_Graft;Lasso
;5;3.09_147.05;0,370998840;Rootstock_Graft;Lasso
1;1;5.29_337.13;4,0854193;Rootstock_type;Random_Forest
;2;4.29_206.07;2,3377381;Rootstock_type;Random_Forest
;3;2.36_175.12;1,5382395;Rootstock_type;Random_Forest
;4;5.52_447.23;1,1002262;Rootstock_type;Random_Forest
;5;5.42_169.12;0,9966747;Rootstock_type;Random_Forest
2;1;5.29_337.13;9,6417316;Rootstock_type;Random_Forest
;2;4.29_206.07;7,6149584;Rootstock_type;Random_Forest
;3;5.52_447.23;2,1964335;Rootstock_type;Random_Forest
;4;5.96_337.11;1,2958673;Rootstock_type;Random_Forest
;5;2.30_287.11;1,1252269;Rootstock_type;Random_Forest
3;1;5.29_337.13;12,9547719;Rootstock_type;Random_Forest
;2;4.29_206.07;10,5433673;Rootstock_type;Random_Forest
;3;3.37_123.04;1,1587505;Rootstock_type;Random_Forest
;4;3.15_429.17;0,4343375;Rootstock_type;Random_Forest
;5;5.93_357.13;0,4107378;Rootstock_type;Random_Forest
4;1;5.29_337.13;10,0654764;Rootstock_type;Random_Forest
;2;4.29_206.07;8,9962546;Rootstock_type;Random_Forest
;3;5.52_447.23;1,0691548;Rootstock_type;Random_Forest
;4;5.96_337.11;0,7742209;Rootstock_type;Random_Forest
;5;3.15_429.17;0,7270865;Rootstock_type;Random_Forest
5;1;5.29_337.13;15,4124897;Rootstock_type;Random_Forest
;2;4.29_206.07;7,8190854;Rootstock_type;Random_Forest
;3;5.52_447.23;0,6232578;Rootstock_type;Random_Forest
;4;3.37_123.04;0,4880992;Rootstock_type;Random_Forest
;5;2.36_175.12;0,4764221;Rootstock_type;Random_Forest
6;1;5.29_337.13;8,8664223;Rootstock_type;Random_Forest
;2;4.29_206.07;5,8660554;Rootstock_type;Random_Forest
;3;1.41_175.12;1,2129665;Rootstock_type;Random_Forest
;4;2.36_175.12;1,0215049;Rootstock_type;Random_Forest
;5;5.93_357.13;0,9550577;Rootstock_type;Random_Forest
7;1;5.29_337.13;8,5627666;Rootstock_type;Random_Forest
;2;4.29_206.07;5,8618315;Rootstock_type;Random_Forest
;3;5.96_337.11;2,0788894;Rootstock_type;Random_Forest
;4;3.37_123.04;0,9350837;Rootstock_type;Random_Forest
;5;5.52_447.23;0,9244087;Rootstock_type;Random_Forest
8;1;5.29_337.13;9,7206755;Rootstock_type;Random_Forest
;2;4.29_206.07;4,9310421;Rootstock_type;Random_Forest
;3;3.37_123.04;0,9905681;Rootstock_type;Random_Forest
;4;5.93_357.13;0,9826678;Rootstock_type;Random_Forest
;5;5.42_169.12;0,8295516;Rootstock_type;Random_Forest
9;1;5.29_337.13;5,0574054;Rootstock_type;Random_Forest
;2;4.29_206.07;3,5818722;Rootstock_type;Random_Forest
;3;3.37_123.04;1,6073777;Rootstock_type;Random_Forest
;4;5.52_447.23;1,5853844;Rootstock_type;Random_Forest
;5;1.41_175.12;0,7896101;Rootstock_type;Random_Forest
10;1;5.29_337.13;7,3405302;Rootstock_type;Random_Forest
;2;4.29_206.07;4,4858115;Rootstock_type;Random_Forest
;3;3.15_429.17;1,9534581;Rootstock_type;Random_Forest
;4;5.52_447.23;1,7144456;Rootstock_type;Random_Forest
;5;2.36_175.12;0,8584388;Rootstock_type;Random_Forest
1;1;3.25_139.04;3,0500007;Homo_vs_Absent;Random_Forest
;2;2.18_281.10;3,0200371;Homo_vs_Absent;Random_Forest
;3;2.79_369.10;1,2064925;Homo_vs_Absent;Random_Forest
;4;2.45_127.04;1,0673432;Homo_vs_Absent;Random_Forest
;5;3.11_295.12;0,8364002;Homo_vs_Absent;Random_Forest
2;1;2.18_281.10;1,7478200;Homo_vs_Absent;Random_Forest
;2;2.21_135.05;1,0474790;Homo_vs_Absent;Random_Forest
;3;2.45_127.04;0,8452493;Homo_vs_Absent;Random_Forest
;4;2.31_107.05;0,8425120;Homo_vs_Absent;Random_Forest
;5;3.25_139.04;0,5303051;Homo_vs_Absent;Random_Forest
3;1;2.18_281.10;2,4554441;Homo_vs_Absent;Random_Forest
;2;2.45_127.04;1,8964549;Homo_vs_Absent;Random_Forest
;3;5.38_137.02;1,7454563;Homo_vs_Absent;Random_Forest
;4;4.29_441.18;1,4143044;Homo_vs_Absent;Random_Forest
;5;2.21_135.05;1,4029799;Homo_vs_Absent;Random_Forest
4;1;2.18_281.10;7,7941555;Homo_vs_Absent;Random_Forest
;2;4.38_133.10;1,7120536;Homo_vs_Absent;Random_Forest
;3;2.60_345.12;1,1534381;Homo_vs_Absent;Random_Forest
;4;2.21_135.05;0,8348089;Homo_vs_Absent;Random_Forest
;5;4.29_441.18;0,5853321;Homo_vs_Absent;Random_Forest
5;1;2.18_281.10;2,2315426;Homo_vs_Absent;Random_Forest
;2;7.19_287.20;0,9753063;Homo_vs_Absent;Random_Forest
;3;2.21_135.05;0,8413645;Homo_vs_Absent;Random_Forest
;4;3.25_139.04;0,8150103;Homo_vs_Absent;Random_Forest
;5;3.27_137.02;0,7827038;Homo_vs_Absent;Random_Forest
6;1;2.18_281.10;1,5483425;Homo_vs_Absent;Random_Forest
;2;3.73_464.18;1,1716048;Homo_vs_Absent;Random_Forest
;3;5.31_331.16;0,9876011;Homo_vs_Absent;Random_Forest
;4;2.31_107.05;0,8028203;Homo_vs_Absent;Random_Forest
;5;3.25_139.04;0,7116658;Homo_vs_Absent;Random_Forest
7;1;2.18_281.10;7,1091475;Homo_vs_Absent;Random_Forest
;2;2.21_135.05;0,7848345;Homo_vs_Absent;Random_Forest
;3;2.45_127.04;0,6394000;Homo_vs_Absent;Random_Forest
;4;9.13_319.23;0,4961321;Homo_vs_Absent;Random_Forest
;5;6.60_333.21;0,4803808;Homo_vs_Absent;Random_Forest
8;1;2.18_281.10;2,1358507;Homo_vs_Absent;Random_Forest
;2;3.25_139.04;1,3966756;Homo_vs_Absent;Random_Forest
;3;3.27_137.02;1,0486045;Homo_vs_Absent;Random_Forest
;4;2.21_135.05;0,8310369;Homo_vs_Absent;Random_Forest
;5;1.85_210.04;0,7848030;Homo_vs_Absent;Random_Forest
9;1;2.18_281.10;5,6181952;Homo_vs_Absent;Random_Forest
;2;3.25_139.04;1,7818139;Homo_vs_Absent;Random_Forest
;3;4.29_441.18;1,0281658;Homo_vs_Absent;Random_Forest
;4;2.21_135.05;0,9315232;Homo_vs_Absent;Random_Forest
;5;2.78_107.05;0,6618196;Homo_vs_Absent;Random_Forest
10;1;3.25_139.04;0,9447942;Homo_vs_Absent;Random_Forest
;2;2.18_281.10;0,8965495;Homo_vs_Absent;Random_Forest
;3;3.27_137.02;0,8024213;Homo_vs_Absent;Random_Forest
;4;2.60_345.12;0,7844647;Homo_vs_Absent;Random_Forest
;5;4.29_441.18;0,7737167;Homo_vs_Absent;Random_Forest
1;1;9.14_287.24;1,0262979;Homo_vs_Galicia;Random_Forest
;2;9.80_520.34;1,0186683;Homo_vs_Galicia;Random_Forest
;3;2.21_265.09;1,0156746;Homo_vs_Galicia;Random_Forest
;4;2.18_281.10;0,7621271;Homo_vs_Galicia;Random_Forest
;5;9.70_285.22;0,6122209;Homo_vs_Galicia;Random_Forest
2;1;11.02_295.23;1,8766657;Homo_vs_Galicia;Random_Forest
;2;2.21_265.09;1,2950809;Homo_vs_Galicia;Random_Forest
;3;3.30_403.16;1,0135582;Homo_vs_Galicia;Random_Forest
;4;9.80_520.34;0,8169980;Homo_vs_Galicia;Random_Forest
;5;2.56_167.04;0,7135411;Homo_vs_Galicia;Random_Forest
3;1;9.14_287.24;2,1664818;Homo_vs_Galicia;Random_Forest
;2;1.99_268.10;1,4446825;Homo_vs_Galicia;Random_Forest
;3;9.70_285.22;1,0226647;Homo_vs_Galicia;Random_Forest
;4;1.46_111.02;0,7874988;Homo_vs_Galicia;Random_Forest
;5;9.80_520.34;0,7289575;Homo_vs_Galicia;Random_Forest
4;1;5.99_237.19;1,5544699;Homo_vs_Galicia;Random_Forest
;2;11.02_295.23;1,3019573;Homo_vs_Galicia;Random_Forest
;3;1.46_111.02;1,1547089;Homo_vs_Galicia;Random_Forest
;4;4.10_191.02;1,0017147;Homo_vs_Galicia;Random_Forest
;5;2.21_265.09;0,9795431;Homo_vs_Galicia;Random_Forest
5;1;3.25_285.10;1,3628360;Homo_vs_Galicia;Random_Forest
;2;2.88_231.17;0,7343028;Homo_vs_Galicia;Random_Forest
;3;11.02_295.23;0,6976153;Homo_vs_Galicia;Random_Forest
;4;9.14_287.24;0,6527483;Homo_vs_Galicia;Random_Forest
;5;3.10_231.17;0,5628099;Homo_vs_Galicia;Random_Forest
6;1;9.80_520.34;1,4306465;Homo_vs_Galicia;Random_Forest
;2;5.99_237.19;1,3918929;Homo_vs_Galicia;Random_Forest
;3;3.72_337.10;1,1660415;Homo_vs_Galicia;Random_Forest
;4;9.70_285.22;1,0328399;Homo_vs_Galicia;Random_Forest
;5;10.95_437.27;0,8493055;Homo_vs_Galicia;Random_Forest
7;1;9.14_287.24;1,8241228;Homo_vs_Galicia;Random_Forest
;2;5.64_333.21;1,4260975;Homo_vs_Galicia;Random_Forest
;3;4.10_191.02;1,3012547;Homo_vs_Galicia;Random_Forest
;4;11.02_295.23;1,0045237;Homo_vs_Galicia;Random_Forest
;5;9.80_520.34;1,0027878;Homo_vs_Galicia;Random_Forest
8;1;3.79_575.23;0,8595993;Homo_vs_Galicia;Random_Forest
;2;5.64_333.21;0,6281364;Homo_vs_Galicia;Random_Forest
;3;1.99_268.10;0,5570800;Homo_vs_Galicia;Random_Forest
;4;3.16_360.15;0,5237348;Homo_vs_Galicia;Random_Forest
;5;1.41_175.12;0,4254555;Homo_vs_Galicia;Random_Forest
9;1;9.80_520.34;1,5257644;Homo_vs_Galicia;Random_Forest
;2;2.21_265.09;1,2239838;Homo_vs_Galicia;Random_Forest
;3;3.72_337.10;1,1017972;Homo_vs_Galicia;Random_Forest
;4;6.85_291.23;0,7518515;Homo_vs_Galicia;Random_Forest
;5;2.56_167.04;0,6541124;Homo_vs_Galicia;Random_Forest
10;1;5.99_237.19;0,9934911;Homo_vs_Galicia;Random_Forest
;2;2.21_265.09;0,6659006;Homo_vs_Galicia;Random_Forest
;3;1.17_130.10;0,6071935;Homo_vs_Galicia;Random_Forest
;4;9.16_303.23;0,5715077;Homo_vs_Galicia;Random_Forest
;5;9.70_285.22;0,5714096;Homo_vs_Galicia;Random_Forest
1;1;1.41_175.12;2,9531678;Rootstock_Graft;Random_Forest
;2;1.99_268.10;2,5487978;Rootstock_Graft;Random_Forest
;3;5.29_337.13;1,6259746;Rootstock_Graft;Random_Forest
;4;2.44_166.09;1,4075483;Rootstock_Graft;Random_Forest
;5;5.38_137.02;1,1805439;Rootstock_Graft;Random_Forest
2;1;7.19_283.21;2,4949031;Rootstock_Graft;Random_Forest
;2;4.29_206.07;2,4011172;Rootstock_Graft;Random_Forest
;3;1.41_175.12;2,2301479;Rootstock_Graft;Random_Forest
;4;3.76_135.12;1,9940394;Rootstock_Graft;Random_Forest
;5;5.29_337.13;1,3806090;Rootstock_Graft;Random_Forest
3;1;1.41_175.12;2,4984320;Rootstock_Graft;Random_Forest
;2;5.29_337.13;2,1962879;Rootstock_Graft;Random_Forest
;3;1.99_268.10;1,8059828;Rootstock_Graft;Random_Forest
;4;2.18_281.10;1,6427828;Rootstock_Graft;Random_Forest
;5;2.31_107.05;1,4825165;Rootstock_Graft;Random_Forest
4;1;1.41_175.12;2,7515853;Rootstock_Graft;Random_Forest
;2;1.99_268.10;1,3911407;Rootstock_Graft;Random_Forest
;3;5.29_337.13;1,2409007;Rootstock_Graft;Random_Forest
;4;0.97_189.14;0,9763413;Rootstock_Graft;Random_Forest
;5;3.58_135.04;0,9444004;Rootstock_Graft;Random_Forest
5;1;5.29_337.13;2,9334880;Rootstock_Graft;Random_Forest
;2;1.99_268.10;1,1998825;Rootstock_Graft;Random_Forest
;3;2.18_281.10;1,0857360;Rootstock_Graft;Random_Forest
;4;2.88_231.17;0,9717174;Rootstock_Graft;Random_Forest
;5;2.21_135.05;0,8600709;Rootstock_Graft;Random_Forest
6;1;4.29_206.07;1,4212949;Rootstock_Graft;Random_Forest
;2;5.29_337.13;1,1058571;Rootstock_Graft;Random_Forest
;3;2.31_107.05;1,0513337;Rootstock_Graft;Random_Forest
;4;2.18_281.10;1,0344163;Rootstock_Graft;Random_Forest
;5;6.62_267.07;0,9282712;Rootstock_Graft;Random_Forest
7;1;4.29_206.07;2,1833258;Rootstock_Graft;Random_Forest
;2;5.29_337.13;1,6040940;Rootstock_Graft;Random_Forest
;3;1.99_268.10;1,3504605;Rootstock_Graft;Random_Forest
;4;1.19_114.06;1,3434633;Rootstock_Graft;Random_Forest
;5;4.86_449.11;1,2835337;Rootstock_Graft;Random_Forest
8;1;5.29_337.13;2,9430483;Rootstock_Graft;Random_Forest
;2;1.41_175.12;2,2507877;Rootstock_Graft;Random_Forest
;3;4.29_206.07;1,4176835;Rootstock_Graft;Random_Forest
;4;0.97_189.14;1,3593981;Rootstock_Graft;Random_Forest
;5;2.18_281.10;1,1811979;Rootstock_Graft;Random_Forest
9;1;3.25_139.04;0,7620644;Rootstock_Graft;Random_Forest
;2;5.29_337.13;0,7437981;Rootstock_Graft;Random_Forest
;3;1.85_210.04;0,6482182;Rootstock_Graft;Random_Forest
;4;9.68_245.23;0,6169143;Rootstock_Graft;Random_Forest
;5;3.09_147.05;0,6131424;Rootstock_Graft;Random_Forest
10;1;1.41_175.12;1,8197183;Rootstock_Graft;Random_Forest
;2;1.99_268.10;1,7802835;Rootstock_Graft;Random_Forest
;3;5.29_337.13;1,5892487;Rootstock_Graft;Random_Forest
;4;2.18_281.10;1,4154237;Rootstock_Graft;Random_Forest
;5;9.68_245.23;1,0223006;Rootstock_Graft;Random_Forest
1;1;5.29_337.13;0,4667027890;Rootstock_type;Boosting
;2;4.29_206.07;0,4318779310;Rootstock_type;Boosting
;3;5.93_357.13;0,0173463460;Rootstock_type;Boosting
;4;2.88_231.17;0,0153492120;Rootstock_type;Boosting
;5;5.16_609.13;0,0093380020;Rootstock_type;Boosting
2;1;5.29_337.13;0,5724973470;Rootstock_type;Boosting
;2;4.29_206.07;0,2435420060;Rootstock_type;Boosting
;3;3.19_339.11;0,0580107610;Rootstock_type;Boosting
;4;5.04_287.06;0,0493815590;Rootstock_type;Boosting
;5;5.02_519.19;0,0239991500;Rootstock_type;Boosting
3;1;5.29_337.13;0,4376791160;Rootstock_type;Boosting
;2;4.29_206.07;0,4222448280;Rootstock_type;Boosting
;3;5.70_495.21;0,0465931160;Rootstock_type;Boosting
;4;5.93_357.13;0,0360300710;Rootstock_type;Boosting
;5;3.19_339.11;0,0247861400;Rootstock_type;Boosting
4;1;5.29_337.13;0,6512264800;Rootstock_type;Boosting
;2;4.29_206.07;0,1911708000;Rootstock_type;Boosting
;3;3.19_339.11;0,0850851900;Rootstock_type;Boosting
;4;5.04_287.06;0,0529517000;Rootstock_type;Boosting
;5;0.85_258.11;0,0195658400;Rootstock_type;Boosting
5;1;5.29_337.13;0,6410497000;Rootstock_type;Boosting
;2;3.19_339.11;0,1643236000;Rootstock_type;Boosting
;3;4.29_206.07;0,1539120000;Rootstock_type;Boosting
;4;0.85_258.11;0,0407146000;Rootstock_type;Boosting
6;1;5.29_337.13;0,5413835864;Rootstock_type;Boosting
;2;4.29_206.07;0,3897255923;Rootstock_type;Boosting
;3;3.19_339.11;0,0310887213;Rootstock_type;Boosting
;4;5.04_287.06;0,0163301561;Rootstock_type;Boosting
;5;0.85_258.11;0,0110111442;Rootstock_type;Boosting
7;1;5.29_337.13;0,5835961840;Rootstock_type;Boosting
;2;4.29_206.07;0,1575824970;Rootstock_type;Boosting
;3;3.37_123.04;0,1109059810;Rootstock_type;Boosting
;4;3.43_419.15;0,0659011750;Rootstock_type;Boosting
;5;3.76_135.12;0,0356136030;Rootstock_type;Boosting
8;1;5.29_337.13;0,4640814300;Rootstock_type;Boosting
;2;4.29_206.07;0,2255470000;Rootstock_type;Boosting
;3;3.19_339.11;0,0545773200;Rootstock_type;Boosting
;4;2.85_333.10;0,0491551900;Rootstock_type;Boosting
;5;3.37_123.04;0,0434116700;Rootstock_type;Boosting
9;1;4.29_206.07;0,4414533940;Rootstock_type;Boosting
;2;5.29_337.13;0,4236479880;Rootstock_type;Boosting
;3;5.96_337.11;0,0332282830;Rootstock_type;Boosting
;4;5.52_447.23;0,0181189250;Rootstock_type;Boosting
;5;8.63_331.23;0,0094414310;Rootstock_type;Boosting
10;1;5.29_337.13;0,6461465000;Rootstock_type;Boosting
;2;4.29_206.07;0,2618516200;Rootstock_type;Boosting
;3;3.19_339.11;0,0920018800;Rootstock_type;Boosting
1;1;2.18_281.10;1,000000000;Homo_vs_Absent;Boosting
2;1;7.19_287.20;0,782189500;Homo_vs_Absent;Boosting
;2;2.59_631.16;0,108905300;Homo_vs_Absent;Boosting
;3;5.64_301.04;0,108905200;Homo_vs_Absent;Boosting
3;1;4.29_441.18;0,468970850;Homo_vs_Absent;Boosting
;2;2.18_281.10;0,443113260;Homo_vs_Absent;Boosting
;3;2.60_345.12;0,074608070;Homo_vs_Absent;Boosting
;4;5.38_137.02;0,013307830;Homo_vs_Absent;Boosting
4;1;2.18_281.10;0,405379441;Homo_vs_Absent;Boosting
;2;3.25_139.04;0,144457302;Homo_vs_Absent;Boosting
;3;6.60_333.21;0,133907946;Homo_vs_Absent;Boosting
;4;5.38_137.02;0,117538968;Homo_vs_Absent;Boosting
;5;3.54_357.15;0,097559800;Homo_vs_Absent;Boosting
5;1;2.18_281.10;0,502544080;Homo_vs_Absent;Boosting
;2;2.21_135.05;0,227248180;Homo_vs_Absent;Boosting
;3;4.38_133.10;0,168913750;Homo_vs_Absent;Boosting
;4;6.31_411.14;0,064544630;Homo_vs_Absent;Boosting
;5;2.60_345.12;0,036749350;Homo_vs_Absent;Boosting
6;1;2.18_281.10;0,405379441;Homo_vs_Absent;Boosting
;2;3.25_139.04;0,144457302;Homo_vs_Absent;Boosting
;3;6.60_333.21;0,133907946;Homo_vs_Absent;Boosting
;4;5.38_137.02;0,117538968;Homo_vs_Absent;Boosting
;5;3.54_357.15;0,097559800;Homo_vs_Absent;Boosting
7;1;2.18_281.10;1,000000000;Homo_vs_Absent;Boosting
8;1;2.60_345.12;0,413584938;Homo_vs_Absent;Boosting
;2;2.18_281.10;0,306465937;Homo_vs_Absent;Boosting
;3;5.38_137.02;0,150677796;Homo_vs_Absent;Boosting
;4;4.38_133.10;0,039390433;Homo_vs_Absent;Boosting
;5;4.29_441.18;0,035164262;Homo_vs_Absent;Boosting
9;1;2.18_281.10;1,000000000;Homo_vs_Absent;Boosting
10;1;2.18_281.10;1,000000000;Homo_vs_Absent;Boosting
1;1;3.25_285.10;0,27869633;Homo_vs_Galicia;Boosting
;2;9.80_520.34;0,14060616;Homo_vs_Galicia;Boosting
;3;3.79_575.23;0,12504295;Homo_vs_Galicia;Boosting
;4;2.21_265.09;0,09762417;Homo_vs_Galicia;Boosting
;5;2.61_260.16;0,0624169;Homo_vs_Galicia;Boosting
2;1;1.19_114.06;0,679180375;Homo_vs_Galicia;Boosting
;2;1.99_268.10;0,13054629;Homo_vs_Galicia;Boosting
;3;2.92_453.14;0,125426816;Homo_vs_Galicia;Boosting
;4;2.21_265.09;0,014914704;Homo_vs_Galicia;Boosting
;5;7.53_335.22;0,014914693;Homo_vs_Galicia;Boosting
3;1;9.80_520.34;0,547265475;Homo_vs_Galicia;Boosting
;2;3.30_403.16;0,126146489;Homo_vs_Galicia;Boosting
;3;2.21_135.05;0,121863345;Homo_vs_Galicia;Boosting
;4;9.14_287.24;0,080998839;Homo_vs_Galicia;Boosting
;5;3.72_337.10;0,051273901;Homo_vs_Galicia;Boosting
4;1;5.99_237.19;0,435127063;Homo_vs_Galicia;Boosting
;2;1.28_112.05;0,211638838;Homo_vs_Galicia;Boosting
;3;9.80_520.34;0,122687444;Homo_vs_Galicia;Boosting
;4;11.02_295.23;0,09697117;Homo_vs_Galicia;Boosting
;5;3.72_337.10;0,056103324;Homo_vs_Galicia;Boosting
5;1;9.80_520.34;0,571858567;Homo_vs_Galicia;Boosting
;2;3.21_323.07;0,173776624;Homo_vs_Galicia;Boosting
;3;9.13_271.24;0,109554809;Homo_vs_Galicia;Boosting
;4;3.81_639.10;0,064221761;Homo_vs_Galicia;Boosting
;5;2.21_265.09;0,030221998;Homo_vs_Galicia;Boosting
6;1;5.99_237.19;0,5511592;Homo_vs_Galicia;Boosting
;2;1.28_112.05;0,4488408;Homo_vs_Galicia;Boosting
7;1;9.80_520.34;0,27835155;Homo_vs_Galicia;Boosting
;2;3.25_285.10;0,23480747;Homo_vs_Galicia;Boosting
;3;4.10_191.02;0,14134272;Homo_vs_Galicia;Boosting
;4;2.21_265.09;0,12587004;Homo_vs_Galicia;Boosting
;5;11.02_295.23;0,05729343;Homo_vs_Galicia;Boosting
8;1;9.80_520.34;0,32109668;Homo_vs_Galicia;Boosting
;2;11.02_295.23;0,31637533;Homo_vs_Galicia;Boosting
;3;1.12_133.02;0,06316864;Homo_vs_Galicia;Boosting
;4;4.69_221.05;0,05118035;Homo_vs_Galicia;Boosting
;5;4.16_455.15;0,0440881;Homo_vs_Galicia;Boosting
9;1;9.80_520.34;0,35449662;Homo_vs_Galicia;Boosting
;2;3.30_403.16;0,1322392;Homo_vs_Galicia;Boosting
;3;11.02_295.23;0,10677075;Homo_vs_Galicia;Boosting
;4;3.79_575.23;0,09716845;Homo_vs_Galicia;Boosting
;5;2.21_265.09;0,0800291;Homo_vs_Galicia;Boosting
10;1;11.02_295.23;0,60859399;Homo_vs_Galicia;Boosting
;2;9.14_287.24;0,15079892;Homo_vs_Galicia;Boosting
;3;9.80_520.34;0,11197676;Homo_vs_Galicia;Boosting
;4;2.21_265.09;0,06951383;Homo_vs_Galicia;Boosting
;5;3.25_285.10;0,04816713;Homo_vs_Galicia;Boosting
1;1;4.29_206.07;0,12932221;Rootstock_Graft;Boosting
;2;9.14_287.24;0,08704932;Rootstock_Graft;Boosting
;3;2.56_167.04;0,06982911;Rootstock_Graft;Boosting
;4;5.38_137.02;0,06620779;Rootstock_Graft;Boosting
;5;1.99_268.10;0,06331696;Rootstock_Graft;Boosting
2;1;1.41_175.12;0,13136824;Rootstock_Graft;Boosting
;2;5.93_357.13;0,1038663;Rootstock_Graft;Boosting
;3;3.15_429.17;0,06233659;Rootstock_Graft;Boosting
;4;3.54_357.15;0,05896398;Rootstock_Graft;Boosting
;5;4.29_206.07;0,05032428;Rootstock_Graft;Boosting
3;1;1.99_268.10;0,12546414;Rootstock_Graft;Boosting
;2;4.29_206.07;0,11677473;Rootstock_Graft;Boosting
;3;5.47_385.16;0,06017176;Rootstock_Graft;Boosting
;4;2.56_167.04;0,05203801;Rootstock_Graft;Boosting
;5;3.15_429.17;0,04956164;Rootstock_Graft;Boosting
4;1;3.37_123.04;0,0977697;Rootstock_Graft;Boosting
;2;3.76_135.12;0,09658139;Rootstock_Graft;Boosting
;3;11.02_295.23;0,09604052;Rootstock_Graft;Boosting
;4;1.41_175.12;0,09573964;Rootstock_Graft;Boosting
;5;2.21_135.05;0,06301134;Rootstock_Graft;Boosting
5;1;4.29_206.07;0,15878409;Rootstock_Graft;Boosting
;2;1.41_175.12;0,07665266;Rootstock_Graft;Boosting
;3;1.99_268.10;0,05812401;Rootstock_Graft;Boosting
;4;5.29_337.13;0,05710026;Rootstock_Graft;Boosting
;5;4.38_133.10;0,05558137;Rootstock_Graft;Boosting
6;1;1.41_175.12;0,10263503;Rootstock_Graft;Boosting
;2;3.15_429.17;0,04939286;Rootstock_Graft;Boosting
;3;3.09_147.05;0,03800747;Rootstock_Graft;Boosting
;4;11.02_295.23;0,03616776;Rootstock_Graft;Boosting
;5;1.05_146.12;0,03292011;Rootstock_Graft;Boosting
7;1;4.38_133.10;0,07708059;Rootstock_Graft;Boosting
;2;10.27_518.32;0,07524273;Rootstock_Graft;Boosting
;3;4.29_206.07;0,07334183;Rootstock_Graft;Boosting
;4;1.41_175.12;0,06774386;Rootstock_Graft;Boosting
;5;3.76_135.12;0,05673418;Rootstock_Graft;Boosting
8;1;4.29_206.07;0,13317367;Rootstock_Graft;Boosting
;2;1.41_175.12;0,06235961;Rootstock_Graft;Boosting
;3;2.21_265.09;0,06058449;Rootstock_Graft;Boosting
;4;2.56_167.04;0,05896631;Rootstock_Graft;Boosting
;5;2.21_135.05;0,04981476;Rootstock_Graft;Boosting
9;1;1.41_175.12;0,219761133;Rootstock_Graft;Boosting
;2;11.02_295.23;0,186761558;Rootstock_Graft;Boosting
;3;2.44_166.09;0,185003593;Rootstock_Graft;Boosting
;4;2.31_107.05;0,150846901;Rootstock_Graft;Boosting
;5;7.32_219.10;0,120416004;Rootstock_Graft;Boosting
10;1;4.29_206.07;0,09432579;Rootstock_Graft;Boosting
;2;1.41_175.12;0,07209021;Rootstock_Graft;Boosting
;3;2.31_107.05;0,06622901;Rootstock_Graft;Boosting
;4;4.38_133.10;0,05690505;Rootstock_Graft;Boosting
;5;5.29_337.13;0,05591096;Rootstock_Graft;Boosting
